<?xml version="1.0"?>
<!DOCTYPE hibernate-mapping PUBLIC
    "-//Hibernate/Hibernate Mapping DTD 3.0//EN"
    "http://hibernate.sourceforge.net/hibernate-mapping-3.0.dtd" >

<hibernate-mapping package="org.openmrs.module.vaccinations">


	<class name="AdverseReaction" table="vac_adverse_reactions">
		<id name="id" type="int" column="adverse_reaction_id" unsaved-value="0">
			<generator class="native" />
		</id>
		<discriminator column="adverse_reaction_id" insert="false" />

        <property name="date" type="java.util.Date" column="logged_date" length="19" />
        <property name="adverse_event" type="java.lang.String" column="adverse_event" length="255" />
        <property name="grade" type="java.lang.String" column="grade" length="255" />

        <!-- Linking to the adverse reaction -->
        <property name="vaccination_id" type="int" column="vaccination_id" />
        <!--
        <one-to-one name="vaccination" class="Vaccination" column="vaccination_id" />
        -->

        <!-- bi-directional many-to-one association to User -->
		<many-to-one name="creator" class="org.openmrs.User" not-null="true" column="creator" />
		<property name="dateCreated" type="java.util.Date" column="date_created" not-null="true" length="19" />
		<many-to-one name="changedBy" class="org.openmrs.User" column="changed_by" />
		<property name="dateChanged" type="java.util.Date" column="date_changed" length="19" />
		<many-to-one name="retiredBy" class="org.openmrs.User" column="retired_by" />
		<property name="dateRetired" type="java.util.Date" column="date_retired" length="19" />
		<property name="retireReason" type="java.lang.String" column="retire_reason" length="255" />
		<property name="retired" type="boolean" column="retired" length="1" not-null="true" />
		<property name="uuid" type="java.lang.String" column="uuid" length="38" unique="true" />
	</class>
</hibernate-mapping>
