<?xml version="1.0" encoding="UTF-8"?>

<databaseChangeLog xmlns="http://www.liquibase.org/xml/ns/dbchangelog/1.9"
                   xmlns:xsi="http://www.w3.org/2001/XMLSchema-instance"
                   xsi:schemaLocation="http://www.liquibase.org/xml/ns/dbchangelog/1.9
                  http://www.liquibase.org/xml/ns/dbchangelog/dbchangelog-1.9.xsd">
    <!--
        See http://www.liquibase.org/manual/home#available_database_refactorings
        for a list of supported elements and attributes
    -->
    <!-- This changeset creates vaccines table -->
    <changeSet id="vaccinations-20150515-1" author="Serghei Luchianov">
        <preConditions onFail="MARK_RAN">
            <not><tableExists tableName="vac_vaccines"/></not>
        </preConditions>
        <createTable tableName="vac_vaccines">
            <column name="vaccine_id" autoIncrement="true" type="int">
                <constraints nullable="false" primaryKey="true"/>
            </column>

            <column name="scheduled" type="BOOLEAN" defaultValueBoolean="false" ><constraints nullable="false"/></column>
            <column name="name" type="varchar(255)" defaultValue="" ><constraints nullable="false"/></column>
            <column name="indication_name" type="varchar(255)" defaultValue="" />
            <column name="dose" type="DOUBLE" />
            <column name="dosing_unit" type="varchar(255)" />
            <column name="route" type="varchar(255)" />


            <column name="creator" type="int" defaultValueNumeric="0" ><constraints nullable="false"/></column>
            <column name="date_created" type="DATETIME"><constraints nullable="false"/></column>
            <column name="changed_by" type="int"/>
            <column name="date_changed" type="DATETIME"/>
            <column defaultValueBoolean="false" name="retired" type="BOOLEAN"><constraints nullable="false"/></column>
            <column name="retired_by" type="int"/>
            <column name="date_retired" type="DATETIME"/>
            <column name="retire_reason" type="varchar(255)"/>
            <column name="uuid" type="char(38)"><constraints nullable="false" unique="true" /></column>
        </createTable>
    </changeSet>

    <!-- This changeset creates vaccinations table and foreign key to vaccines table -->
    <changeSet id="vaccinations-20150516-1" author="Serghei Luchianov">
        <preConditions onFail="MARK_RAN">
            <and>
                <not><tableExists tableName="vac_vaccinations"/></not>
                <tableExists tableName="vac_vaccines"/>
            </and>
        </preConditions>
        <createTable tableName="vac_vaccinations">
            <column name="vaccination_id" autoIncrement="true" type="int">
                <constraints nullable="false" primaryKey="true"/>
            </column>
            <column name="vaccine_id" type="int"/>

            <column name="scheduled" type="BOOLEAN" defaultValueBoolean="false" ><constraints nullable="false"/></column>
            <column name="scheduled_date" type="DATETIME" />

            <column name="name" type="varchar(255)" defaultValue="" ><constraints nullable="false"/></column>
            <column name="indication_name" type="varchar(255)" defaultValue="" />
            <column name="dose" type="DOUBLE" />
            <column name="dosing_unit" type="varchar(255)" />
            <column name="route" type="varchar(255)" />

            <column name="administered" type="BOOLEAN" defaultValueBoolean="false" ><constraints nullable="false"/></column>
            <column name="administration_date" type="DATETIME" />
            <column name="body_site_administered" type="varchar(255)" />

            <column name="dose_number" type="int"/>
            <column name="lot_number" type="varchar(50)" />
            <column name="manufacturer" type="varchar(255)" />
            <column name="manufacture_date" type="DATETIME" />
            <column name="expiry_date" type="DATETIME" />

            <column name="adverse_reaction" type="BOOLEAN" defaultValueBoolean="false" ><constraints nullable="false"/></column>
            <column name="adverse_reaction_id" type="int"/>


            <column name="creator" type="int" defaultValueNumeric="0" ><constraints nullable="false"/></column>
            <column name="date_created" type="DATETIME"><constraints nullable="false"/></column>
            <column name="changed_by" type="int"/>
            <column name="date_changed" type="DATETIME"/>
            <column defaultValueBoolean="false" name="retired" type="BOOLEAN"><constraints nullable="false"/></column>
            <column name="retired_by" type="int"/>
            <column name="date_retired" type="DATETIME"/>
            <column name="retire_reason" type="varchar(255)"/>
            <column name="uuid" type="char(38)"><constraints nullable="false" unique="true" /></column>
        </createTable>

        <addForeignKeyConstraint constraintName="vaccination_to_vaccine_fk"
                                 baseTableName="vac_vaccinations" baseColumnNames="vaccine_id"
                                 referencedTableName="vac_vaccines" referencedColumnNames="vaccine_id"
                                 deferrable="false" initiallyDeferred="false" />
    </changeSet>

    <!-- This changeset creates adverse_reaction table and a foreign key reference to vaccinations table -->
    <changeSet id="vaccinations-20150518-1" author="Serghei Luchianov">
        <preConditions onFail="MARK_RAN">
            <and>
                <not><tableExists tableName="vac_adverse_reactions"/></not>
                <tableExists tableName="vac_vaccinations"/>
            </and>
        </preConditions>
        <createTable tableName="vac_adverse_reactions">
            <column name="adverse_reaction_id" autoIncrement="true" type="int">
                <constraints nullable="false" primaryKey="true"/>
            </column>
            <column name="vaccination_id" type="int"/>

            <column name="logged_date" type="DATETIME" />
            <column name="adverse_event" type="varchar(255)" />
            <column name="grade" type="varchar(255)" />


            <column name="creator" type="int" defaultValueNumeric="0" ><constraints nullable="false"/></column>
            <column name="date_created" type="DATETIME"><constraints nullable="false"/></column>
            <column name="changed_by" type="int"/>
            <column name="date_changed" type="DATETIME"/>
            <column defaultValueBoolean="false" name="retired" type="BOOLEAN"><constraints nullable="false"/></column>
            <column name="retired_by" type="int"/>
            <column name="date_retired" type="DATETIME"/>
            <column name="retire_reason" type="varchar(255)"/>
            <column name="uuid" type="char(38)"><constraints nullable="false" unique="true" /></column>
        </createTable>

        <addForeignKeyConstraint constraintName="adverse_reaction_to_vaccination_fk"
                                 baseTableName="vac_adverse_reactions" baseColumnNames="vaccination_id"
                                 referencedTableName="vac_vaccinations" referencedColumnNames="vaccination_id"
                                 deferrable="false" initiallyDeferred="false" />
    </changeSet>

    <changeSet id="vaccinations-20150525-1" author="Serghei Luchianov">
        <addColumn tableName="vac_vaccines">
            <column name="dose_number" type="int"/>
        </addColumn>
    </changeSet>


    <changeSet id="vaccinations-20150529-1" author="Serghei Luchianov">
        <addColumn tableName="vac_vaccinations">
            <column name="patient_id" type="int"/>
        </addColumn>
    </changeSet>

    <changeSet id="vaccinations-20150603-1" author="Serghei Luchianov">
        <addColumn tableName="vac_vaccines">
            <column name="numeric_indication" type="int"/>
        </addColumn>
    </changeSet>

    <changeSet id="vaccinations-20150623-1" author="Serghei Luchianov">
        <addColumn tableName="vac_vaccinations">
            <column name="location_id" type="int" />
        </addColumn>
    </changeSet>


    <changeSet id="vaccinations-20150625-1" author="Serghei Luchianov">
        <addColumn tableName="vac_vaccinations">
            <column name="left" type="BOOLEAN" defaultValueBoolean="false" ><constraints nullable="false"/></column>
        </addColumn>
    </changeSet>
    <changeSet id="vaccinations-20150625-2" author="Serghei Luchianov">
        <dropColumn tableName="vac_vaccinations" columnName="left"/>
    </changeSet>
    <changeSet id="vaccinations-20150625-3" author="Serghei Luchianov">
        <addColumn tableName="vac_vaccinations">
            <column name="side_administered_left" type="BOOLEAN" defaultValueBoolean="false" ><constraints nullable="false"/></column>
        </addColumn>
    </changeSet>


    <changeSet id="vaccinations-20150713-1" author="Serghei Luchianov">
        <addColumn tableName="vac_vaccines">
            <column name="side_administered_left" type="BOOLEAN" />
            <column name="body_site_administered" type="varchar(255)" />
        </addColumn>
    </changeSet>


    <!-- This changeset creates manufacturers table -->
    <changeSet id="vaccinations-20150714-1" author="Serghei Luchianov">
        <preConditions onFail="MARK_RAN">
            <not><tableExists tableName="vac_manufacturers"/></not>
        </preConditions>
        <createTable tableName="vac_manufacturers">
            <column name="manufacturer_id" autoIncrement="true" type="int">
                <constraints nullable="false" primaryKey="true"/>
            </column>
            <column name="name" type="varchar(255)" defaultValue="" ><constraints nullable="false"/></column>
        </createTable>
        <sql>
            INSERT INTO `openmrs`.`vac_manufacturers` (`name`)
            VALUES('African Cotton Industries Limited');

            INSERT INTO `openmrs`.`vac_manufacturers` (`name`)
            VALUES('Alpha Medical Manufacturers Limited');

            INSERT INTO `openmrs`.`vac_manufacturers` (`name`)
            VALUES('Beta Healthcare International Limited');

            INSERT INTO `openmrs`.`vac_manufacturers` (`name`)
            VALUES('Biodeal Laboratories Limited');

            INSERT INTO `openmrs`.`vac_manufacturers` (`name`)
            VALUES('Bulk Medicals Limited');

            INSERT INTO `openmrs`.`vac_manufacturers` (`name`)
            VALUES('Cosmos Limited');

            INSERT INTO `openmrs`.`vac_manufacturers` (`name`)
            VALUES('Dawa Limited');

            INSERT INTO `openmrs`.`vac_manufacturers` (`name`)
            VALUES('Elys Chemicals Industries Limited');

            INSERT INTO `openmrs`.`vac_manufacturers` (`name`)
            VALUES('Gesto Pharmaceuticals Limited');

            INSERT INTO `openmrs`.`vac_manufacturers` (`name`)
            VALUES('GlaxoSmithKline Kenya Limited');

            INSERT INTO `openmrs`.`vac_manufacturers` (`name`)
            VALUES('KAM Pharmacy Limited');

            INSERT INTO `openmrs`.`vac_manufacturers` (`name`)
            VALUES('Laboratory &amp; Allied Limited');

            INSERT INTO `openmrs`.`vac_manufacturers` (`name`)
            VALUES('Manhar Brothers (K) Limited');

            INSERT INTO `openmrs`.`vac_manufacturers` (`name`)
            VALUES('Medivet Products Limited');

            INSERT INTO `openmrs`.`vac_manufacturers` (`name`)
            VALUES('Novelty Manufacturing Limited');

            INSERT INTO `openmrs`.`vac_manufacturers` (`name`)
            VALUES('Pharm Access Africa Limited');

            INSERT INTO `openmrs`.`vac_manufacturers` (`name`)
            VALUES('Pharmaceutical Manufacturing Co (K) Limited');

            INSERT INTO `openmrs`.`vac_manufacturers` (`name`)
            VALUES('Regal Pharmaceuticals');

            INSERT INTO `openmrs`.`vac_manufacturers` (`name`)
            VALUES('Revital Healthcare (EPZ) K');

            INSERT INTO `openmrs`.`vac_manufacturers` (`name`)
            VALUES('Universal Corporation Limited');
        </sql>
    </changeSet>

    <!-- This changeset creates audit_log and audit_log_line_items tables -->
    <changeSet id="vaccinations-20150721-1" author="Serghei Luchianov">
        <preConditions onFail="MARK_RAN">
            <and>
                <not><tableExists tableName="vac_audit_log"/></not>
                <not><tableExists tableName="vac_audit_log_line_item"/></not>
            </and>
        </preConditions>
        <createTable tableName="vac_audit_log">
            <column name="audit_log_id" autoIncrement="true" type="int">
                <constraints nullable="false" primaryKey="true"/>
            </column>
            <column name="vaccination_id" type="int"><constraints nullable="false"/></column>
            <column name="location" type="varchar(255)" defaultValue="" ><constraints nullable="false"/></column>
            <column name="changed_by" type="varchar(255)" defaultValue="" ><constraints nullable="false"/></column>
            <column name="date_changed" type="DATETIME"/>
        </createTable>
        <createTable tableName="vac_audit_log_line_item">
            <column name="audit_log_line_item_id" autoIncrement="true" type="int">
                <constraints nullable="false" primaryKey="true"/>
            </column>
            <column name="audit_log_id" type="int"><constraints nullable="false"/></column>
            <column name="field" type="varchar(255)" defaultValue="" ><constraints nullable="false"/></column>
            <column name="original_value" type="varchar(255)" defaultValue="" ><constraints nullable="false"/></column>
            <column name="new_value" type="varchar(255)" defaultValue="" ><constraints nullable="false"/></column>
        </createTable>
    </changeSet>

    <!-- An excuse is a drop-down list containing an ENum, while reason is a free text box -->
    <changeSet id="vaccinations-20150729-1" author="Serghei Luchianov">
        <addColumn tableName="vac_audit_log">
            <column name="excuse" type="varchar(255)"/>
            <column name="reason" type="varchar(255)"/>
        </addColumn>
    </changeSet>

    <!-- Incorporating minimum and maximum ages for the vaccines -->
    <changeSet id="vaccinations-20150818-1" author="Serghei Luchianov">
        <addColumn tableName="vac_vaccines">
            <column name="min_age" type="int"><constraints nullable="false"/></column>
            <column name="max_age" type="int"><constraints nullable="false"/></column>
        </addColumn>
    </changeSet>


    <changeSet id="vaccinations-20150729-2" author="Jon Cairo">
        <preConditions>
            <tableExists tableName="vac_vaccines"/>
        </preConditions>
        <comment> This code populates the vaccines table vaccines. CHanged date intervals to end of interval instead of middle.</comment>
        <sql>
            INSERT INTO `openmrs`.`vac_vaccines` (
            `scheduled`,
            `name`,
            `indication_name`,
            `dose_number`,
            `dose`,
            `dosing_unit`,
            `route`,
            `creator`,
            `date_created`,
            `changed_by`,
            `date_changed`,
            `retired`,
            `retired_by`,
            `date_retired`,
            `retire_reason`,
            `uuid`,
            `numeric_indication`,
            `side_administered_left`,
            `body_site_administered`,
            `min_age`,
            `max_age`
            )
            VALUES (
            1,
            'Bacillus Calmette-Guerin (BCG)',
            'birth to 1yo',
            1,
            .05,
            '162263',
            '162160',
            1,
            NOW(),
            NULL,
            NULL,
            0,
            null,
            null,
            null,
            uuid(),
            365,
            1,
            'Forearm (Outer/Posterior)',
            0,
            366
            );



            INSERT INTO `openmrs`.`vac_vaccines` (
            `scheduled`,
            `name`,
            `indication_name`,
            `dose_number`,
            `dose`,
            `dosing_unit`,
            `route`,
            `creator`,
            `date_created`,
            `changed_by`,
            `date_changed`,
            `retired`,
            `retired_by`,
            `date_retired`,
            `retire_reason`,
            `uuid`,
            `numeric_indication`,
            `side_administered_left`,
            `body_site_administered`,
            `min_age`,
            `max_age`
            )
            VALUES (
            1,
            'Bacillus Calmette-Guerin (BCG)',
            'older than 1yo',
            2,
            .1,
            '162263',
            '162160',
            1,
            NOW(),
            null,
            null,
            0,
            null,
            null,
            null,
            uuid(),
            730,
            1,
            'Forearm (Outer/Posterior)',
            366,
            1830
            );



            INSERT INTO `openmrs`.`vac_vaccines` (
            `scheduled`,
            `name`,
            `indication_name`,
            `dose_number`,
            `dose`,
            `dosing_unit`,
            `route`,
            `creator`,
            `date_created`,
            `changed_by`,
            `date_changed`,
            `retired`,
            `retired_by`,
            `date_retired`,
            `retire_reason`,
            `uuid`,
            `numeric_indication`,
            `side_administered_left`,
            `body_site_administered`,
            `min_age`,
            `max_age`
            )
            VALUES (
            0,
            'Bacillus Calmette-Guerin (BCG)',
            null,
            null,
            null,
            '162263',
            '162160',
            1,
            NOW(),
            null,
            null,
            0,
            null,
            null,
            null,
            uuid(),
            null,
            null,
            'Forearm (Outer/Posterior)',
            0,
            100000
            );

            INSERT INTO `openmrs`.`vac_vaccines` (
            `scheduled`,
            `name`,
            `indication_name`,
            `dose_number`,
            `dose`,
            `dosing_unit`,
            `route`,
            `creator`,
            `date_created`,
            `changed_by`,
            `date_changed`,
            `retired`,
            `retired_by`,
            `date_retired`,
            `retire_reason`,
            `uuid`,
            `numeric_indication`,
            `side_administered_left`,
            `body_site_administered`,
            `min_age`,
            `max_age`
            )
            VALUES (
            1,
            'Oral Polio Vaccine (OPV)',
            'birth to 2 weeks',
            1,
            2,
            '162356',
            '160240',
            1,
            NOW(),
            null,
            null,
            0,
            null,
            null,
            null,
            uuid(),
            14,
            null,
            'Mouth',
            0,
            14
            );

            INSERT INTO `openmrs`.`vac_vaccines` (
            `scheduled`,
            `name`,
            `indication_name`,
            `dose_number`,
            `dose`,
            `dosing_unit`,
            `route`,
            `creator`,
            `date_created`,
            `changed_by`,
            `date_changed`,
            `retired`,
            `retired_by`,
            `date_retired`,
            `retire_reason`,
            `uuid`,
            `numeric_indication`,
            `side_administered_left`,
            `body_site_administered`,
            `min_age`,
            `max_age`
            )
            VALUES (
            1,
            'Oral Polio Vaccine (OPV)',
            '6 weeks',
            2,
            2,
            '162356',
            '160240',
            1,
            NOW(),
            null,
            null,
            0,
            null,
            null,
            null,
            uuid(),
            42,
            null,
            'Mouth',
            14,
            42
            );

            INSERT INTO `openmrs`.`vac_vaccines` (
            `scheduled`,
            `name`,
            `indication_name`,
            `dose_number`,
            `dose`,
            `dosing_unit`,
            `route`,
            `creator`,
            `date_created`,
            `changed_by`,
            `date_changed`,
            `retired`,
            `retired_by`,
            `date_retired`,
            `retire_reason`,
            `uuid`,
            `numeric_indication`,
            `side_administered_left`,
            `body_site_administered`,
            `min_age`,
            `max_age`
            )
            VALUES (
            1,
            'Oral Polio Vaccine (OPV)',
            '10 weeks',
            3,
            2,
            '162356',
            '160240',
            1,
            NOW(),
            null,
            null,
            0,
            null,
            null,
            null,
            uuid(),
            70,
            null,
            'Mouth',
            42,
            70
            );



            INSERT INTO `openmrs`.`vac_vaccines` (
            `scheduled`,
            `name`,
            `indication_name`,
            `dose_number`,
            `dose`,
            `dosing_unit`,
            `route`,
            `creator`,
            `date_created`,
            `changed_by`,
            `date_changed`,
            `retired`,
            `retired_by`,
            `date_retired`,
            `retire_reason`,
            `uuid`,
            `numeric_indication`,
            `side_administered_left`,
            `body_site_administered`,
            `min_age`,
            `max_age`
            )
            VALUES (
            1,
            'Oral Polio Vaccine (OPV)',
            '14 weeks',
            4,
            2,
            '162356',
            '160240',
            1,
            NOW(),
            null,
            null,
            0,
            null,
            null,
            null,
            uuid(),
            98,
            null,
            'Mouth',
            70,
            98
            );


            INSERT INTO `openmrs`.`vac_vaccines` (
            `scheduled`,
            `name`,
            `indication_name`,
            `dose_number`,
            `dose`,
            `dosing_unit`,
            `route`,
            `creator`,
            `date_created`,
            `changed_by`,
            `date_changed`,
            `retired`,
            `retired_by`,
            `date_retired`,
            `retire_reason`,
            `uuid`,
            `numeric_indication`,
            `side_administered_left`,
            `body_site_administered`,
            `min_age`,
            `max_age`
            )
            VALUES (
            1,
            'Pentavalent Vaccine',
            '6 weeks',
            1,
            .5,
            '162263',
            '160243',
            1,
            NOW(),
            null,
            null,
            0,
            null,
            null,
            null,
            uuid(),
            42,
            1,
            'Upper outer thigh',
            0,
            42
            );


            INSERT INTO `openmrs`.`vac_vaccines` (
            `scheduled`,
            `name`,
            `indication_name`,
            `dose_number`,
            `dose`,
            `dosing_unit`,
            `route`,
            `creator`,
            `date_created`,
            `changed_by`,
            `date_changed`,
            `retired`,
            `retired_by`,
            `date_retired`,
            `retire_reason`,
            `uuid`,
            `numeric_indication`,
            `side_administered_left`,
            `body_site_administered`,
            `min_age`,
            `max_age`
            )
            VALUES (
            1,
            'Pentavalent Vaccine',
            '10 weeks',
            2,
            .5,
            '162263',
            '160243',
            1,
            NOW(),
            null,
            null,
            0,
            null,
            null,
            null,
            uuid(),
            70,
            1,
            'Upper outer thigh',
            42,
            70
            );



            INSERT INTO `openmrs`.`vac_vaccines` (
            `scheduled`,
            `name`,
            `indication_name`,
            `dose_number`,
            `dose`,
            `dosing_unit`,
            `route`,
            `creator`,
            `date_created`,
            `changed_by`,
            `date_changed`,
            `retired`,
            `retired_by`,
            `date_retired`,
            `retire_reason`,
            `uuid`,
            `numeric_indication`,
            `side_administered_left`,
            `body_site_administered`,
            `min_age`,
            `max_age`
            )
            VALUES (
            1,
            'Pentavalent Vaccine',
            '14 weeks',
            3,
            .5,
            '162263',
            '160243',
            1,
            NOW(),
            null,
            null,
            0,
            null,
            null,
            null,
            uuid(),
            98,
            1,
            'Upper outer thigh',
            70,
            98
            );



            INSERT INTO `openmrs`.`vac_vaccines` (
            `scheduled`,
            `name`,
            `indication_name`,
            `dose_number`,
            `dose`,
            `dosing_unit`,
            `route`,
            `creator`,
            `date_created`,
            `changed_by`,
            `date_changed`,
            `retired`,
            `retired_by`,
            `date_retired`,
            `retire_reason`,
            `uuid`,
            `numeric_indication`,
            `side_administered_left`,
            `body_site_administered`,
            `min_age`,
            `max_age`
            )
            VALUES (
            1,
            'Pneumococcal conjugate vaccine (PCV)',
            '6 weeks',
            1,
            .5,
            '162263',
            '160243',
            1,
            NOW(),
            null,
            null,
            0,
            null,
            null,
            null,
            uuid(),
            42,
            0,
            'Upper outer thigh',
            0,
            42
            );

            INSERT INTO `openmrs`.`vac_vaccines` (
            `scheduled`,
            `name`,
            `indication_name`,
            `dose_number`,
            `dose`,
            `dosing_unit`,
            `route`,
            `creator`,
            `date_created`,
            `changed_by`,
            `date_changed`,
            `retired`,
            `retired_by`,
            `date_retired`,
            `retire_reason`,
            `uuid`,
            `numeric_indication`,
            `side_administered_left`,
            `body_site_administered`,
            `min_age`,
            `max_age`
            )
            VALUES (
            1,
            'Pneumococcal conjugate vaccine (PCV)',
            '10 weeks',
            2,
            .5,
            '162263',
            '160243',
            1,
            NOW(),
            null,
            null,
            0,
            null,
            null,
            null,
            uuid(),
            70,
            0,
            'Upper outer thigh',
            42,
            70
            );


            INSERT INTO `openmrs`.`vac_vaccines` (
            `scheduled`,
            `name`,
            `indication_name`,
            `dose_number`,
            `dose`,
            `dosing_unit`,
            `route`,
            `creator`,
            `date_created`,
            `changed_by`,
            `date_changed`,
            `retired`,
            `retired_by`,
            `date_retired`,
            `retire_reason`,
            `uuid`,
            `numeric_indication`,
            `side_administered_left`,
            `body_site_administered`,
            `min_age`,
            `max_age`
            )
            VALUES (
            1,
            'Pneumococcal conjugate vaccine (PCV)',
            '14 weeks',
            3,
            .5,
            '162263',
            '160243',
            1,
            NOW(),
            null,
            null,
            0,
            null,
            null,
            null,
            uuid(),
            98,
            0,
            'Upper outer thigh',
            70,
            98
            );



            INSERT INTO `openmrs`.`vac_vaccines` (
            `scheduled`,
            `name`,
            `indication_name`,
            `dose_number`,
            `dose`,
            `dosing_unit`,
            `route`,
            `creator`,
            `date_created`,
            `changed_by`,
            `date_changed`,
            `retired`,
            `retired_by`,
            `date_retired`,
            `retire_reason`,
            `uuid`,
            `numeric_indication`,
            `side_administered_left`,
            `body_site_administered`,
            `min_age`,
            `max_age`
            )
            VALUES (
            1,
            'Measles',
            '9 months',
            1,
            .5,
            '162263',
            '160245',
            1,
            NOW(),
            null,
            null,
            0,
            null,
            null,
            null,
            uuid(),
            270,
            0,
            'Upper arm (deltoid)',
            0,
            279
            );



            INSERT INTO `openmrs`.`vac_vaccines` (
            `scheduled`,
            `name`,
            `indication_name`,
            `dose_number`,
            `dose`,
            `dosing_unit`,
            `route`,
            `creator`,
            `date_created`,
            `changed_by`,
            `date_changed`,
            `retired`,
            `retired_by`,
            `date_retired`,
            `retire_reason`,
            `uuid`,
            `numeric_indication`,
            `side_administered_left`,
            `body_site_administered`,
            `min_age`,
            `max_age`
            )
            VALUES (
            1,
            'Yellow Fever',
            '9 months',
            1,
            .5,
            '162263',
            '160243',
            1,
            NOW(),
            null,
            null,
            0,
            null,
            null,
            null,
            uuid(),
            270,
            1,
            'Upper arm (deltoid)',
            0,
            279
            );



            INSERT INTO `openmrs`.`vac_vaccines` (
            `scheduled`,
            `name`,
            `indication_name`,
            `dose_number`,
            `dose`,
            `dosing_unit`,
            `route`,
            `creator`,
            `date_created`,
            `changed_by`,
            `date_changed`,
            `retired`,
            `retired_by`,
            `date_retired`,
            `retire_reason`,
            `uuid`,
            `numeric_indication`,
            `side_administered_left`,
            `body_site_administered`,
            `min_age`,
            `max_age`
            )
            VALUES (
            0,
            'Diphtheria-Pertussis-Tetanus (DPT)',
            null,
            null,
            null,
            null,
            null,
            1,
            NOW(),
            null,
            null,
            0,
            null,
            null,
            null,
            uuid(),
            null,
            null,
            null,
            42,
            98
            );



            INSERT INTO `openmrs`.`vac_vaccines` (
            `scheduled`,
            `name`,
            `indication_name`,
            `dose_number`,
            `dose`,
            `dosing_unit`,
            `route`,
            `creator`,
            `date_created`,
            `changed_by`,
            `date_changed`,
            `retired`,
            `retired_by`,
            `date_retired`,
            `retire_reason`,
            `uuid`,
            `numeric_indication`,
            `side_administered_left`,
            `body_site_administered`,
            `min_age`,
            `max_age`
            )
            VALUES (
            0,
            'Hepatitis A (HA)',
            null,
            null,
            null,
            null,
            null,
            1,
            NOW(),
            null,
            null,
            0,
            null,
            null,
            null,
            uuid(),
            null,
            null,
            null,
            0,
            100000
            );



            INSERT INTO `openmrs`.`vac_vaccines` (
            `scheduled`,
            `name`,
            `indication_name`,
            `dose_number`,
            `dose`,
            `dosing_unit`,
            `route`,
            `creator`,
            `date_created`,
            `changed_by`,
            `date_changed`,
            `retired`,
            `retired_by`,
            `date_retired`,
            `retire_reason`,
            `uuid`,
            `numeric_indication`,
            `side_administered_left`,
            `body_site_administered`,
            `min_age`,
            `max_age`
            )
            VALUES (
            0,
            'Hepatitis B (HA)',
            null,
            null,
            null,
            null,
            null,
            1,
            NOW(),
            null,
            null,
            0,
            null,
            null,
            null,
            uuid(),
            null,
            null,
            null,
            42,
            98
            );



            INSERT INTO `openmrs`.`vac_vaccines` (
            `scheduled`,
            `name`,
            `indication_name`,
            `dose_number`,
            `dose`,
            `dosing_unit`,
            `route`,
            `creator`,
            `date_created`,
            `changed_by`,
            `date_changed`,
            `retired`,
            `retired_by`,
            `date_retired`,
            `retire_reason`,
            `uuid`,
            `numeric_indication`,
            `side_administered_left`,
            `body_site_administered`,
            `min_age`,
            `max_age`
            )
            VALUES (
            0,
            'Haemophilus influenza type b (Hib)',
            null,
            null,
            null,
            null,
            null,
            1,
            NOW(),
            null,
            null,
            0,
            null,
            null,
            null,
            uuid(),
            null,
            null,
            null,
            0,
            98
            );



            INSERT INTO `openmrs`.`vac_vaccines` (
            `scheduled`,
            `name`,
            `indication_name`,
            `dose_number`,
            `dose`,
            `dosing_unit`,
            `route`,
            `creator`,
            `date_created`,
            `changed_by`,
            `date_changed`,
            `retired`,
            `retired_by`,
            `date_retired`,
            `retire_reason`,
            `uuid`,
            `numeric_indication`,
            `side_administered_left`,
            `body_site_administered`,
            `min_age`,
            `max_age`
            )
            VALUES (
            0,
            'Rotavirus',
            null,
            null,
            null,
            '162263',
            '160240',
            1,
            NOW(),
            null,
            null,
            0,
            null,
            null,
            null,
            uuid(),
            null,
            null,
            'Mouth',
            42,
            98
            );



            INSERT INTO `openmrs`.`vac_vaccines` (
            `scheduled`,
            `name`,
            `indication_name`,
            `dose_number`,
            `dose`,
            `dosing_unit`,
            `route`,
            `creator`,
            `date_created`,
            `changed_by`,
            `date_changed`,
            `retired`,
            `retired_by`,
            `date_retired`,
            `retire_reason`,
            `uuid`,
            `numeric_indication`,
            `side_administered_left`,
            `body_site_administered`,
            `min_age`,
            `max_age`
            )
            VALUES (
            0,
            'Rabies',
            null,
            null,
            null,
            null,
            null,
            1,
            NOW(),
            null,
            null,
            0,
            null,
            null,
            null,
            uuid(),
            null,
            null,
            null,
            0,
            100000
            );



            INSERT INTO `openmrs`.`vac_vaccines` (
            `scheduled`,
            `name`,
            `indication_name`,
            `dose_number`,
            `dose`,
            `dosing_unit`,
            `route`,
            `creator`,
            `date_created`,
            `changed_by`,
            `date_changed`,
            `retired`,
            `retired_by`,
            `date_retired`,
            `retire_reason`,
            `uuid`,
            `numeric_indication`,
            `side_administered_left`,
            `body_site_administered`,
            `min_age`,
            `max_age`
            )
            VALUES (
            0,
            'Chickenpox',
            null,
            null,
            null,
            null,
            null,
            1,
            NOW(),
            null,
            null,
            0,
            null,
            null,
            null,
            uuid(),
            null,
            null,
            null,
            0,
            100000
            );



            INSERT INTO `openmrs`.`vac_vaccines` (
            `scheduled`,
            `name`,
            `indication_name`,
            `dose_number`,
            `dose`,
            `dosing_unit`,
            `route`,
            `creator`,
            `date_created`,
            `changed_by`,
            `date_changed`,
            `retired`,
            `retired_by`,
            `date_retired`,
            `retire_reason`,
            `uuid`,
            `numeric_indication`,
            `side_administered_left`,
            `body_site_administered`,
            `min_age`,
            `max_age`
            )
            VALUES (
            0,
            'Cholera',
            null,
            null,
            null,
            null,
            null,
            1,
            NOW(),
            null,
            null,
            0,
            null,
            null,
            null,
            uuid(),
            null,
            null,
            null,
            0,
            100000
            );



            INSERT INTO `openmrs`.`vac_vaccines` (
            `scheduled`,
            `name`,
            `indication_name`,
            `dose_number`,
            `dose`,
            `dosing_unit`,
            `route`,
            `creator`,
            `date_created`,
            `changed_by`,
            `date_changed`,
            `retired`,
            `retired_by`,
            `date_retired`,
            `retire_reason`,
            `uuid`,
            `numeric_indication`,
            `side_administered_left`,
            `body_site_administered`,
            `min_age`,
            `max_age`
            )
            VALUES (
            0,
            'Typhoid',
            null,
            null,
            null,
            null,
            null,
            1,
            NOW(),
            null,
            null,
            0,
            null,
            null,
            null,
            uuid(),
            null,
            null,
            null,
            42,
            1116
            );



            INSERT INTO `openmrs`.`vac_vaccines` (
            `scheduled`,
            `name`,
            `indication_name`,
            `dose_number`,
            `dose`,
            `dosing_unit`,
            `route`,
            `creator`,
            `date_created`,
            `changed_by`,
            `date_changed`,
            `retired`,
            `retired_by`,
            `date_retired`,
            `retire_reason`,
            `uuid`,
            `numeric_indication`,
            `side_administered_left`,
            `body_site_administered`,
            `min_age`,
            `max_age`

            )
            VALUES (
            0,
            'Influenza',
            null,
            null,
            null,
            null,
            null,
            1,
            NOW(),
            null,
            null,
            0,
            null,
            null,
            null,
            uuid(),
            null,
            null,
            null,
            0,
            100000
            );



            INSERT INTO `openmrs`.`vac_vaccines` (
            `scheduled`,
            `name`,
            `indication_name`,
            `dose_number`,
            `dose`,
            `dosing_unit`,
            `route`,
            `creator`,
            `date_created`,
            `changed_by`,
            `date_changed`,
            `retired`,
            `retired_by`,
            `date_retired`,
            `retire_reason`,
            `uuid`,
            `numeric_indication`,
            `side_administered_left`,
            `body_site_administered`,
            `min_age`,
            `max_age`
            )
            VALUES (
            0,
            'Mumps',
            null,
            null,
            null,
            null,
            null,
            1,
            NOW(),
            null,
            null,
            0,
            null,
            null,
            null,
            uuid(),
            null,
            null,
            null,
            0,
            100000
            );



            INSERT INTO `openmrs`.`vac_vaccines` (
            `scheduled`,
            `name`,
            `indication_name`,
            `dose_number`,
            `dose`,
            `dosing_unit`,
            `route`,
            `creator`,
            `date_created`,
            `changed_by`,
            `date_changed`,
            `retired`,
            `retired_by`,
            `date_retired`,
            `retire_reason`,
            `uuid`,
            `numeric_indication`,
            `side_administered_left`,
            `body_site_administered`,
            `min_age`,
            `max_age`
            )
            VALUES (
            0,
            'Rubella',
            null,
            null,
            null,
            null,
            null,
            1,
            NOW(),
            null,
            null,
            0,
            null,
            null,
            null,
            uuid(),
            null,
            null,
            null,
            0,
            100000
            );



            INSERT INTO `openmrs`.`vac_vaccines` (
            `scheduled`,
            `name`,
            `indication_name`,
            `dose_number`,
            `dose`,
            `dosing_unit`,
            `route`,
            `creator`,
            `date_created`,
            `changed_by`,
            `date_changed`,
            `retired`,
            `retired_by`,
            `date_retired`,
            `retire_reason`,
            `uuid`,
            `numeric_indication`,
            `side_administered_left`,
            `body_site_administered`,
            `min_age`,
            `max_age`
            )
            VALUES (
            0,
            'Meningococcal',
            null,
            null,
            null,
            null,
            null,
            1,
            NOW(),
            null,
            null,
            0,
            null,
            null,
            null,
            uuid(),
            null,
            null,
            null,
            0,
            100000
            );



            INSERT INTO `openmrs`.`vac_vaccines` (
            `scheduled`,
            `name`,
            `indication_name`,
            `dose_number`,
            `dose`,
            `dosing_unit`,
            `route`,
            `creator`,
            `date_created`,
            `changed_by`,
            `date_changed`,
            `retired`,
            `retired_by`,
            `date_retired`,
            `retire_reason`,
            `uuid`,
            `numeric_indication`,
            `side_administered_left`,
            `body_site_administered`,
            `min_age`,
            `max_age`
            )
            VALUES (
            0,
            'Tetanus toxoid',
            null,
            null,
            null,
            '162263',
            '160243',
            1,
            NOW(),
            null,
            null,
            0,
            null,
            null,
            null,
            uuid(),
            null,
            1,
            'Upper arm (deltoid)',
            0,
            98
            );



            INSERT INTO `openmrs`.`vac_vaccines` (
            `scheduled`,
            `name`,
            `indication_name`,
            `dose_number`,
            `dose`,
            `dosing_unit`,
            `route`,
            `creator`,
            `date_created`,
            `changed_by`,
            `date_changed`,
            `retired`,
            `retired_by`,
            `date_retired`,
            `retire_reason`,
            `uuid`,
            `numeric_indication`,
            `side_administered_left`,
            `body_site_administered`,
            `min_age`,
            `max_age`
            )
            VALUES (
            0,
            'Vitamin A',
            '6 months',
            1,
            100000,
            '162264',
            '160240',
            1,
            NOW(),
            null,
            null,
            0,
            null,
            null,
            null,
            uuid(),
            180,
            null,
            'Mouth',
            0,
            186
            );



            INSERT INTO `openmrs`.`vac_vaccines` (
            `scheduled`,
            `name`,
            `indication_name`,
            `dose_number`,
            `dose`,
            `dosing_unit`,
            `route`,
            `creator`,
            `date_created`,
            `changed_by`,
            `date_changed`,
            `retired`,
            `retired_by`,
            `date_retired`,
            `retire_reason`,
            `uuid`,
            `numeric_indication`,
            `side_administered_left`,
            `body_site_administered`,
            `min_age`,
            `max_age`
            )
            VALUES (
            0,
            'Vitamin A',
            '1 year',
            2,
            200000,
            '162264',
            '160240',
            1,
            NOW(),
            null,
            null,
            0,
            null,
            null,
            null,
            uuid(),
            365,
            null,
            'Mouth',
            186,
            366
            );



            INSERT INTO `openmrs`.`vac_vaccines` (
            `scheduled`,
            `name`,
            `indication_name`,
            `dose_number`,
            `dose`,
            `dosing_unit`,
            `route`,
            `creator`,
            `date_created`,
            `changed_by`,
            `date_changed`,
            `retired`,
            `retired_by`,
            `date_retired`,
            `retire_reason`,
            `uuid`,
            `numeric_indication`,
            `side_administered_left`,
            `body_site_administered`,
            `min_age`,
            `max_age`
            )
            VALUES (
            0,
            'Vitamin A',
            '1 1/2 years',
            3,
            200000,
            '162264',
            '160240',
            1,
            NOW(),
            null,
            null,
            0,
            null,
            null,
            null,
            uuid(),
            548,
            null,
            'Mouth',
            366,
            552
            );



            INSERT INTO `openmrs`.`vac_vaccines` (
            `scheduled`,
            `name`,
            `indication_name`,
            `dose_number`,
            `dose`,
            `dosing_unit`,
            `route`,
            `creator`,
            `date_created`,
            `changed_by`,
            `date_changed`,
            `retired`,
            `retired_by`,
            `date_retired`,
            `retire_reason`,
            `uuid`,
            `numeric_indication`,
            `side_administered_left`,
            `body_site_administered`,
            `min_age`,
            `max_age`
            )
            VALUES (
            0,
            'Vitamin A',
            '2 years',
            4,
            200000,
            '162264',
            '160240',
            1,
            NOW(),
            null,
            null,
            0,
            null,
            null,
            null,
            uuid(),
            730,
            null,
            'Mouth',
            552,
            731
            );



            INSERT INTO `openmrs`.`vac_vaccines` (
            `scheduled`,
            `name`,
            `indication_name`,
            `dose_number`,
            `dose`,
            `dosing_unit`,
            `route`,
            `creator`,
            `date_created`,
            `changed_by`,
            `date_changed`,
            `retired`,
            `retired_by`,
            `date_retired`,
            `retire_reason`,
            `uuid`,
            `numeric_indication`,
            `side_administered_left`,
            `body_site_administered`,
            `min_age`,
            `max_age`
            )
            VALUES (
            0,
            'Vitamin A',
            '2 1/2 years',
            5,
            200000,
            '162264',
            '160240',
            1,
            NOW(),
            null,
            null,
            0,
            null,
            null,
            null,
            uuid(),
            913,
            null,
            'Mouth',
            731,
            917
            );



            INSERT INTO `openmrs`.`vac_vaccines` (
            `scheduled`,
            `name`,
            `indication_name`,
            `dose_number`,
            `dose`,
            `dosing_unit`,
            `route`,
            `creator`,
            `date_created`,
            `changed_by`,
            `date_changed`,
            `retired`,
            `retired_by`,
            `date_retired`,
            `retire_reason`,
            `uuid`,
            `numeric_indication`,
            `side_administered_left`,
            `body_site_administered`,
            `min_age`,
            `max_age`
            )
            VALUES (
            0,
            'Vitamin A',
            '3 years',
            6,
            200000,
            '162264',
            '160240',
            1,
            NOW(),
            null,
            null,
            0,
            null,
            null,
            null,
            uuid(),
            1095,
            null,
            'Mouth',
            917,
            1096
            );



            INSERT INTO `openmrs`.`vac_vaccines` (
            `scheduled`,
            `name`,
            `indication_name`,
            `dose_number`,
            `dose`,
            `dosing_unit`,
            `route`,
            `creator`,
            `date_created`,
            `changed_by`,
            `date_changed`,
            `retired`,
            `retired_by`,
            `date_retired`,
            `retire_reason`,
            `uuid`,
            `numeric_indication`,
            `side_administered_left`,
            `body_site_administered`,
            `min_age`,
            `max_age`
            )
            VALUES (
            0,
            'Vitamin A',
            '3 1/2 years',
            7,
            200000,
            '162264',
            '160240',
            1,
            NOW(),
            null,
            null,
            0,
            null,
            null,
            null,
            uuid(),
            1278,
            null,
            'Mouth',
            1096,
            1282
            );



            INSERT INTO `openmrs`.`vac_vaccines` (
            `scheduled`,
            `name`,
            `indication_name`,
            `dose_number`,
            `dose`,
            `dosing_unit`,
            `route`,
            `creator`,
            `date_created`,
            `changed_by`,
            `date_changed`,
            `retired`,
            `retired_by`,
            `date_retired`,
            `retire_reason`,
            `uuid`,
            `numeric_indication`,
            `side_administered_left`,
            `body_site_administered`,
            `min_age`,
            `max_age`
            )
            VALUES (
            0,
            'Vitamin A',
            '4 years',
            8,
            200000,
            '162264',
            '160240',
            1,
            NOW(),
            null,
            null,
            0,
            null,
            null,
            null,
            uuid(),
            1460,
            null,
            'Mouth',
            1282,
            1461
            );



            INSERT INTO `openmrs`.`vac_vaccines` (
            `scheduled`,
            `name`,
            `indication_name`,
            `dose_number`,
            `dose`,
            `dosing_unit`,
            `route`,
            `creator`,
            `date_created`,
            `changed_by`,
            `date_changed`,
            `retired`,
            `retired_by`,
            `date_retired`,
            `retire_reason`,
            `uuid`,
            `numeric_indication`,
            `side_administered_left`,
            `body_site_administered`,
            `min_age`,
            `max_age`
            )
            VALUES (
            0,
            'Vitamin A',
            '4 1/2 years',
            9,
            200000,
            '162264',
            '160240',
            1,
            NOW(),
            null,
            null,
            0,
            null,
            null,
            null,
            uuid(),
            1643,
            null,
            'Mouth',
            1461,
            1647
            );



            INSERT INTO `openmrs`.`vac_vaccines` (
            `scheduled`,
            `name`,
            `indication_name`,
            `dose_number`,
            `dose`,
            `dosing_unit`,
            `route`,
            `creator`,
            `date_created`,
            `changed_by`,
            `date_changed`,
            `retired`,
            `retired_by`,
            `date_retired`,
            `retire_reason`,
            `uuid`,
            `numeric_indication`,
            `side_administered_left`,
            `body_site_administered`,
            `min_age`,
            `max_age`

            )
            VALUES (
            0,
            'Vitamin A',
            '5 years',
            10,
            200000,
            '162264',
            '160240',
            1,
            NOW(),
            null,
            null,
            0,
            null,
            null,
            null,
            uuid(),
            1825,
            null,
            'Mouth',
            1647,
            1826
            );



            INSERT INTO `openmrs`.`vac_vaccines` (
            `scheduled`,
            `name`,
            `indication_name`,
            `dose_number`,
            `dose`,
            `dosing_unit`,
            `route`,
            `creator`,
            `date_created`,
            `changed_by`,
            `date_changed`,
            `retired`,
            `retired_by`,
            `date_retired`,
            `retire_reason`,
            `uuid`,
            `numeric_indication`,
            `side_administered_left`,
            `body_site_administered`,
            `min_age`,
            `max_age`
            )
            VALUES (
            0,
            'Deworming - Mebendazole',
            '1 year',
            1,
            500,
            '161553',
            '160240',
            1,
            NOW(),
            null,
            null,
            0,
            null,
            null,
            null,
            uuid(),
            365,
            null,
            'Mouth',
            0,
            366
            );



            INSERT INTO `openmrs`.`vac_vaccines` (
            `scheduled`,
            `name`,
            `indication_name`,
            `dose_number`,
            `dose`,
            `dosing_unit`,
            `route`,
            `creator`,
            `date_created`,
            `changed_by`,
            `date_changed`,
            `retired`,
            `retired_by`,
            `date_retired`,
            `retire_reason`,
            `uuid`,
            `numeric_indication`,
            `side_administered_left`,
            `body_site_administered`,
            `min_age`,
            `max_age`
            )
            VALUES (
            0,
            'Deworming - Mebendazole',
            '1 1/2 years',
            2,
            500,
            '161553',
            '160240',
            1,
            NOW(),
            null,
            null,
            0,
            null,
            null,
            null,
            uuid(),
            548,
            null,
            'Mouth',
            366,
            552
            );



            INSERT INTO `openmrs`.`vac_vaccines` (
            `scheduled`,
            `name`,
            `indication_name`,
            `dose_number`,
            `dose`,
            `dosing_unit`,
            `route`,
            `creator`,
            `date_created`,
            `changed_by`,
            `date_changed`,
            `retired`,
            `retired_by`,
            `date_retired`,
            `retire_reason`,
            `uuid`,
            `numeric_indication`,
            `side_administered_left`,
            `body_site_administered`,
            `min_age`,
            `max_age`
            )
            VALUES (
            0,
            'Deworming - Albendazole',
            '2 years',
            3,
            400,
            '161553',
            '160240',
            1,
            NOW(),
            null,
            null,
            0,
            null,
            null,
            null,
            uuid(),
            730,
            null,
            'Mouth',
            552,
            731
            );



            INSERT INTO `openmrs`.`vac_vaccines` (
            `scheduled`,
            `name`,
            `indication_name`,
            `dose_number`,
            `dose`,
            `dosing_unit`,
            `route`,
            `creator`,
            `date_created`,
            `changed_by`,
            `date_changed`,
            `retired`,
            `retired_by`,
            `date_retired`,
            `retire_reason`,
            `uuid`,
            `numeric_indication`,
            `side_administered_left`,
            `body_site_administered`,
            `min_age`,
            `max_age`
            )
            VALUES (
            0,
            'Deworming - Albendazole',
            '2 1/2 years',
            4,
            400,
            '161553',
            '160240',
            1,
            NOW(),
            null,
            null,
            0,
            null,
            null,
            null,
            uuid(),
            913,
            null,
            'Mouth',
            731,
            917
            );



            INSERT INTO `openmrs`.`vac_vaccines` (
            `scheduled`,
            `name`,
            `indication_name`,
            `dose_number`,
            `dose`,
            `dosing_unit`,
            `route`,
            `creator`,
            `date_created`,
            `changed_by`,
            `date_changed`,
            `retired`,
            `retired_by`,
            `date_retired`,
            `retire_reason`,
            `uuid`,
            `numeric_indication`,
            `side_administered_left`,
            `body_site_administered`,
            `min_age`,
            `max_age`
            )
            VALUES (
            0,
            'Deworming - Albendazole',
            '3 years',
            5,
            400,
            '161553',
            '160240',
            1,
            NOW(),
            null,
            null,
            0,
            null,
            null,
            null,
            uuid(),
            1095,
            null,
            'Mouth',
            917,
            1096
            );



            INSERT INTO `openmrs`.`vac_vaccines` (
            `scheduled`,
            `name`,
            `indication_name`,
            `dose_number`,
            `dose`,
            `dosing_unit`,
            `route`,
            `creator`,
            `date_created`,
            `changed_by`,
            `date_changed`,
            `retired`,
            `retired_by`,
            `date_retired`,
            `retire_reason`,
            `uuid`,
            `numeric_indication`,
            `side_administered_left`,
            `body_site_administered`,
            `min_age`,
            `max_age`
            )
            VALUES (
            0,
            'Deworming - Albendazole',
            '3 1/2 years',
            6,
            400,
            '161553',
            '160240',
            1,
            NOW(),
            null,
            null,
            0,
            null,
            null,
            null,
            uuid(),
            1278,
            null,
            'Mouth',
            1096,
            1282
            );



            INSERT INTO `openmrs`.`vac_vaccines` (
            `scheduled`,
            `name`,
            `indication_name`,
            `dose_number`,
            `dose`,
            `dosing_unit`,
            `route`,
            `creator`,
            `date_created`,
            `changed_by`,
            `date_changed`,
            `retired`,
            `retired_by`,
            `date_retired`,
            `retire_reason`,
            `uuid`,
            `numeric_indication`,
            `side_administered_left`,
            `body_site_administered`,
            `min_age`,
            `max_age`
            )
            VALUES (
            0,
            'Deworming - Albendazole',
            '4 years',
            7,
            400,
            '161553',
            '160240',
            1,
            NOW(),
            null,
            null,
            0,
            null,
            null,
            null,
            uuid(),
            1460,
            null,
            'Mouth',
            1282,
            1461
            );



            INSERT INTO `openmrs`.`vac_vaccines` (
            `scheduled`,
            `name`,
            `indication_name`,
            `dose_number`,
            `dose`,
            `dosing_unit`,
            `route`,
            `creator`,
            `date_created`,
            `changed_by`,
            `date_changed`,
            `retired`,
            `retired_by`,
            `date_retired`,
            `retire_reason`,
            `uuid`,
            `numeric_indication`,
            `side_administered_left`,
            `body_site_administered`,
            `min_age`,
            `max_age`
            )
            VALUES (
            0,
            'Deworming - Albendazole',
            '4 1/2 years',
            8,
            400,
            '161553',
            '160240',
            1,
            NOW(),
            null,
            null,
            0,
            null,
            null,
            null,
            uuid(),
            1643,
            null,
            'Mouth',
            1461,
            1647
            );

            INSERT INTO `openmrs`.`vac_vaccines` (
            `scheduled`,
            `name`,
            `indication_name`,
            `dose_number`,
            `dose`,
            `dosing_unit`,
            `route`,
            `creator`,
            `date_created`,
            `changed_by`,
            `date_changed`,
            `retired`,
            `retired_by`,
            `date_retired`,
            `retire_reason`,
            `uuid`,
            `numeric_indication`,
            `side_administered_left`,
            `body_site_administered`,
            `min_age`,
            `max_age`
            )
            VALUES (
            0,
            'Custom',
            null,
            null,
            null,
            null,
            null,
            1,
            NOW(),
            null,
            null,
            0,
            null,
            null,
            null,
            uuid(),
            null,
            null,
            null,
            0,
            1000
            );

        </sql>

    </changeSet>

    <changeSet id="vaccinations-20160325-1" author="Mark Nicoll">
        <preConditions>
            <tableExists tableName="vac_vaccines"/>
        </preConditions>
        <comment> This code adds two more entries for Albendazole for dose numbers 1 and 2.</comment>
        <sql>
            INSERT INTO `openmrs`.`vac_vaccines` (
            `scheduled`,
            `name`,
            `indication_name`,
            `dose_number`,
            `dose`,
            `dosing_unit`,
            `route`,
            `creator`,
            `date_created`,
            `changed_by`,
            `date_changed`,
            `retired`,
            `retired_by`,
            `date_retired`,
            `retire_reason`,
            `uuid`,
            `numeric_indication`,
            `side_administered_left`,
            `body_site_administered`,
            `min_age`,
            `max_age`
            )
            VALUES (
            0,
            'Deworming - Albendazole',
            '2 years',
            1,
            400,
            '161553',
            '160240',
            1,
            NOW(),
            null,
            null,
            0,
            null,
            null,
            null,
            uuid(),
            730,
            null,
            'Mouth',
            552,
            731
            );



            INSERT INTO `openmrs`.`vac_vaccines` (
            `scheduled`,
            `name`,
            `indication_name`,
            `dose_number`,
            `dose`,
            `dosing_unit`,
            `route`,
            `creator`,
            `date_created`,
            `changed_by`,
            `date_changed`,
            `retired`,
            `retired_by`,
            `date_retired`,
            `retire_reason`,
            `uuid`,
            `numeric_indication`,
            `side_administered_left`,
            `body_site_administered`,
            `min_age`,
            `max_age`
            )
            VALUES (
            0,
            'Deworming - Albendazole',
            '2 1/2 years',
            2,
            400,
            '161553',
            '160240',
            1,
            NOW(),
            null,
            null,
            0,
            null,
            null,
            null,
            uuid(),
            913,
            null,
            'Mouth',
            731,
            917
            );
            INSERT INTO `openmrs`.`vac_vaccines` (
            `scheduled`,
            `name`,
            `indication_name`,
            `dose_number`,
            `dose`,
            `dosing_unit`,
            `route`,
            `creator`,
            `date_created`,
            `changed_by`,
            `date_changed`,
            `retired`,
            `retired_by`,
            `date_retired`,
            `retire_reason`,
            `uuid`,
            `numeric_indication`,
            `side_administered_left`,
            `body_site_administered`,
            `min_age`,
            `max_age`
            )
            VALUES (
            0,
            'Hepatitis B (HA)',
            null,
            null,
            null,
            null,
            null,
            1,
            NOW(),
            null,
            null,
            0,
            null,
            null,
            null,
            uuid(),
            null,
            null,
            null,
            42,
            98
            );
            Update vac_vaccines set name = 'Hepatitis B (HB)' where name = 'Hepatitis B (HA)';
        </sql>

    </changeSet>

    <changeSet id="vaccinations-20160325-2" author="Mark Nicoll">
        <preConditions>
            <tableExists tableName="vac_vaccines"/>
        </preConditions>
        <comment> deletes duplicate rows in vac_vaccine table</comment>
        <sql>
            DELETE FROM vac_vaccines
            WHERE vaccine_id NOT IN (SELECT *
            FROM (SELECT MIN(n.vaccine_id)
            FROM vac_vaccines n
            GROUP BY n.name,n.dose_number) x);
        </sql>

    </changeSet>

    <changeSet id="vaccinations-20160610-1" author="Falon Scheers">
        <preConditions>
            <tableExists tableName="vac_vaccines"/>
        </preConditions>
        <comment> BUGFIX: swaps the min and max values for indication dates of vaccines with one date and set max to 0 as flag</comment>
        <sql>
            UPDATE openmrs.vac_vaccines
            SET min_age = max_age, max_age = 0
            WHERE (indication_name REGEXP '^[0-9]');
        </sql>
    </changeSet>

    <changeSet id="vaccinations-20160617-1" author="Mark Nicoll">
        <preConditions>
            <tableExists tableName="vac_vaccines"/>
        </preConditions>
        <comment>BUGFIX: make the to administer date value consistant for Bacillus Calmette-Guerin BCG seccond dose </comment>
        <sql>
            UPDATE openmrs.vac_vaccines
            SET indication_name = '52 weeks'
            Where indication_name = 'older than 1yo';
        </sql>
    </changeSet>

</databaseChangeLog>