<?xml version="1.0"?>
<!DOCTYPE hibernate-mapping PUBLIC
    "-//Hibernate/Hibernate Mapping DTD 3.0//EN"
    "http://hibernate.sourceforge.net/hibernate-mapping-3.0.dtd" >

<hibernate-mapping package="org.openmrs.module.vaccinations">
	<class name="Vaccination" table="vac_vaccinations">
		<id name="id" type="int" column="vaccination_id" unsaved-value="0">
			<generator class="native" />
		</id>
		<discriminator column="vaccination_id" insert="false" />
		<property name="name" type="java.lang.String" column="name" not-null="true" length="255" />
		<property name="indication_name" type="java.lang.String" column="indication_name" length="255" />
		<property name="dose" type="java.lang.Double" column="dose" />
		<property name="dosing_unit" type="java.lang.String" column="dosing_unit" length="255" />
		<property name="route" type="java.lang.String" column="route" length="255" />
		<property name="scheduled" type="boolean" column="scheduled" length="1" not-null="true"/>
        <property name="scheduled_date" type="java.util.Date" column="scheduled_date" length="19" />


        <property name="administered" type="boolean" column="administered" length="1" not-null="true"/>
        <property name="administration_date" type="java.util.Date" column="administration_date" length="19" />
        <property name="body_site_administered" type="java.lang.String" column="body_site_administered" not-null="true" length="255" />

        <property name="side_administered_left" type="boolean" column="side_administered_left" length="1" not-null="true"/>

        <property name="dose_number" type="int" column="dose_number" not-null="true" length="255" />
        <property name="lot_number" type="java.lang.String" column="lot_number" not-null="true" length="255" />
        <property name="manufacturer" type="java.lang.String" column="manufacturer" length="255" />
        <property name="manufacture_date" type="java.util.Date" column="manufacture_date" length="19" />
        <property name="expiry_date" type="java.util.Date" column="expiry_date" length="19" />

		<property name="adverse_reaction_observed" type="boolean" column="adverse_reaction" length="1" not-null="true"/>
        <!--    Linking back to the original vaccine
                Linking to the adverse reaction        -->
		<many-to-one name="Vaccine" class="Vaccine" column="vaccine_id" />
		<many-to-one name="Adverse_reaction" class="AdverseReaction" not-found="ignore" column="adverse_reaction_id" />

		<property name="patient_id" type="int" column="patient_id"/>

        <many-to-one name="clinic_location" class="org.openmrs.Location" column="location_id" />
			
		<!-- bi-directional many-to-one association to User -->
		<many-to-one name="creator" class="org.openmrs.User" not-null="true" column="creator" />
		<property name="dateCreated" type="java.util.Date" column="date_created" not-null="true" length="19" />
		<many-to-one name="changedBy" class="org.openmrs.User" column="changed_by" />
		<property name="dateChanged" type="java.util.Date" column="date_changed" length="19" />
		<many-to-one name="retiredBy" class="org.openmrs.User" column="retired_by" />
		<property name="dateRetired" type="java.util.Date" column="date_retired" length="19" />
		<property name="retireReason" type="java.lang.String" column="retire_reason" length="255" />
		<property name="retired" type="boolean" column="retired" length="1" not-null="true" />
		<property name="uuid" type="java.lang.String" column="uuid" length="38" unique="true" />
	</class>
</hibernate-mapping>
