<?xml version="1.0"?>
<!DOCTYPE hibernate-mapping PUBLIC
    "-//Hibernate/Hibernate Mapping DTD 3.0//EN"
    "http://hibernate.sourceforge.net/hibernate-mapping-3.0.dtd" >

<hibernate-mapping package="org.openmrs.module.vaccinations">
	<class name="Vaccine" table="vac_vaccines">
		<id name="id" type="int" column="vaccine_id" unsaved-value="0">
			<generator class="native" />
		</id>
		<discriminator column="vaccine_id" insert="false" />
		<property name="name" type="java.lang.String" column="name" not-null="true" length="255" />
		<property name="indication_name" type="java.lang.String" column="indication_name" length="255" />
		<property name="dose" type="java.lang.Double" column="dose" />
		<property name="dose_number" type="int" column="dose_number" length="255" />
		<property name="dosing_unit" type="java.lang.String" column="dosing_unit" length="255" />
		<property name="route" type="java.lang.String" column="route" length="255" />
		<property name="scheduled" type="boolean" column="scheduled" length="1" not-null="true"/>
		<property name="numeric_indication" type="int" column="numeric_indication" length="255" />

		<property name="min_age" type="int" column="min_age" length="255" />
		<property name="max_age" type="int" column="max_age" length="255" />

        <property name="body_site_administered" type="java.lang.String" column="body_site_administered" not-null="true" length="255" />
        <property name="side_administered_left" type="boolean" column="side_administered_left" length="1"/>

		<!-- bi-directional many-to-one association to User -->
		<many-to-one name="creator" class="org.openmrs.User" not-null="true" column="creator" />
		<property name="dateCreated" type="java.util.Date" column="date_created" not-null="true" length="19" />
		<many-to-one name="changedBy" class="org.openmrs.User" column="changed_by" />
		<property name="dateChanged" type="java.util.Date" column="date_changed" length="19" />
		<many-to-one name="retiredBy" class="org.openmrs.User" column="retired_by" />
		<property name="dateRetired" type="java.util.Date" column="date_retired" length="19" />
		<property name="retireReason" type="java.lang.String" column="retire_reason" length="255" />
		<property name="retired" type="boolean" column="retired" length="1" not-null="true" />
		<property name="uuid" type="java.lang.String" column="uuid" length="38" unique="true" />
	</class>
</hibernate-mapping>
